<?xml version="1.0" encoding="utf-16"?>
<products>
  <product name="Alcohol Free Antiseptic" price="1486.07" buyer="Harrison" />
  <product name="cough and sore throat" price="1482.68" buyer="Paula Hill" />
  <product name="GEMCITABINE" price="1468.11" buyer="Ann Stevens" />
  <product name="Treatment Set TS336667" price="1466.47" buyer="Emily Parker" />
  <product name="Gilotrif" price="1454.77" buyer="Sandra Riley" />
  <product name="smart sense nicotine" price="1444.12" buyer="Betty Ward" />
  <product name="Etodolac" price="1443.13" buyer="Christina Patterson" />
  <product name="Effervescent Cold Relief" price="1436.07" buyer="Kathy Gilbert" />
  <product name="Triamterene and Hydrochlorothiazide" price="1416.59" buyer="Cunningham" />
  <product name="Metoprolol Tartrate" price="1405.74" buyer="Joshua Murray" />
  <product name="Wintergreen Isopropyl Alcohol" price="1397.57" buyer="Sarah Day" />
  <product name="Leg Cramp Relief" price="1345.69" buyer="Baker" />
  <product name="Archangelica Eucalyptus" price="1334.91" buyer="Lawson" />
  <product name="Fosphenytoin Sodium" price="1334.06" buyer="Harrison" />
  <product name="Hydralazine Hydrochloride" price="1309.72" buyer="Paula Hill" />
  <product name="Ibuprofen" price="1305.96" buyer="Brandon Fuller" />
  <product name="Zonisamide" price="1305.41" buyer="Cunningham" />
  <product name="Cefadroxil" price="1302.20" buyer="Jennifer Riley" />
  <product name="DIVALPROEX SODIUM" price="1287.03" buyer="Christine Gomez" />
  <product name="Prednisone" price="1285.99" buyer="Arthur Reynolds" />
  <product name="IOPE RETIGEN MOISTURE TWIN CAKE NO.21" price="1257.71" buyer="Betty Lawson" />
  <product name="XtraCare Foam Antibacterial Hand Wash" price="1251.97" buyer="Brenda Howell" />
  <product name="Ondansetron" price="1249.76" buyer="Gary Stevens" />
  <product name="Oxygen" price="1242.92" buyer="Bennett" />
  <product name="Aspergillus repens" price="1231.42" buyer="Nicole Martinez" />
  <product name="Benazepril Hydrochloride and Hydrochlorothiazide" price="1187.27" buyer="Lawson" />
  <product name="leader pain reliever" price="1179.79" buyer="Anna Clark" />
  <product name="Americaine" price="1165.75" buyer="Marie Williamson" />
  <product name="Baza Antifungal" price="1162.34" buyer="Paula Hill" />
  <product name="Flumazenil" price="1151.37" buyer="Billy Parker" />
  <product name="DIPYRIDAMOLE" price="1150.67" buyer="Bennett" />
  <product name="Laser Block 100" price="1135.43" buyer="Paula Hill" />
  <product name="Lorazepam" price="1134.96" buyer="Jean Henry" />
  <product name="PREMIER VALUE ALLERGY" price="1127.61" buyer="Thompson" />
  <product name="smart sense nighttime cold and flu relief" price="1101.77" buyer="Betty Lawson" />
  <product name="ESIKA 3-IN-1 PRO MAKE UP FOUNDATION SPF 20 BASE DE MAQUILLAJE PARA ROSTRO 3-EN-1 PRO FPS 20" price="1097.60" buyer="Jeremy Woods" />
  <product name="XANTHIUM STRUMARIUM VAR CANADENSE POLLEN" price="1091.38" buyer="Gloria Alexander" />
  <product name="Ibuprofen" price="1088.04" buyer="Fred Allen" />
  <product name="Growing Pains" price="1077.37" buyer="Eugene Stewart" />
  <product name="LBEL Couleur Luxe Rouge Amplifier XP amplifying SPF 15" price="1069.43" buyer="Fred Barnes" />
  <product name="Acetic Acid" price="1060.43" buyer="Sandra Riley" />
  <product name="Ringers" price="1054.37" buyer="Rachel Johnson" />
  <product name="Acetaminophen, Chlorpheniramine Maleate, Dextromethorphan Hydrobromide, Phenylephrine Hydrochloride" price="1028.27" buyer="Brenda Howell" />
  <product name="SEPHORA Acne-Fighting Mattifying Moisturizer" price="1019.28" buyer="Anna Parker" />
  <product name="Butalbital, Aspirin and Caffeine" price="1010.98" buyer="Jean Henry" />
  <product name="TYLENOL COLD MULTI-SYMPTOM DAYTIME" price="1010.81" buyer="Sandra Riley" />
</products>